PlayerGameID,PlayerID,GameID,Points,FieldGoalsMade,FieldGoalsAttempted,ThreePointersMade,FieldGoalsAttemptd,FreeThrowsMade,FreeThrowsAttempted,DefensiveRebounds,OffensiveRebounds,Assists,Blocks,Steals,Turnovers
1,29,8,0,10,9,3,2,1,11,7,2,2,1,3,5
2,20,38,20,8,22,0,10,0,8,10,3,5,3,2,3
3,46,13,10,7,4,2,10,4,11,3,5,0,2,1,5
4,98,12,19,4,17,0,8,7,11,8,3,4,2,3,2
5,32,6,3,0,1,2,5,0,9,1,2,2,3,2,0
6,20,40,18,10,4,1,1,6,12,3,5,0,0,0,6
7,43,22,5,6,1,3,1,8,0,0,2,4,3,3,0
8,71,22,7,0,12,4,3,5,7,0,1,2,2,0,3
9,81,38,9,7,5,0,6,6,4,1,2,4,0,0,2
10,62,37,20,3,0,5,2,4,8,4,4,3,3,0,5
11,13,13,13,3,11,4,10,0,1,2,1,5,3,1,1
12,88,50,1,1,20,1,8,4,8,2,0,8,0,2,1
13,38,2,13,6,14,2,5,8,6,0,0,7,0,2,3
14,23,2,6,3,17,1,9,8,3,6,2,8,2,1,5
15,56,22,18,7,20,5,5,4,10,3,2,4,1,0,1
16,63,11,17,10,20,3,2,5,4,10,5,1,1,1,3
17,26,6,19,8,14,1,8,3,12,1,5,0,0,0,6
18,22,12,16,9,19,4,10,7,11,0,0,0,3,1,1
19,86,28,18,0,2,0,0,1,1,4,5,4,2,3,2
20,44,2,10,6,2,2,10,7,0,2,1,2,0,1,6
21,28,31,14,9,5,2,0,6,6,5,1,2,2,0,2
22,61,45,0,0,16,3,4,4,5,10,3,0,2,3,1
23,71,18,15,1,15,1,6,7,7,5,3,8,3,1,5
24,25,18,1,7,17,2,0,3,9,1,3,1,2,1,2
25,30,46,6,5,1,1,6,7,11,0,0,3,2,3,5
26,27,44,19,9,6,2,5,8,1,5,2,8,0,2,4
27,7,25,8,0,15,3,8,2,3,7,3,4,1,3,6
28,7,50,6,0,10,2,9,6,10,7,1,7,1,3,4
29,93,30,15,6,22,0,7,0,11,9,3,0,2,0,5
30,32,10,12,0,1,3,3,2,9,0,3,4,3,2,5
31,87,39,19,2,1,4,0,2,3,5,5,5,3,0,3
32,43,35,2,9,25,4,3,8,2,6,2,3,2,3,2
33,54,24,16,4,10,0,0,0,6,7,0,6,0,0,2
34,35,14,16,0,3,2,3,3,1,9,4,0,1,2,1
35,63,8,6,10,3,0,10,2,0,8,2,7,1,2,5
36,44,47,16,6,3,5,4,1,6,0,3,0,1,3,3
37,30,30,10,10,17,5,0,1,5,6,5,2,3,2,3
38,74,41,3,1,4,3,10,3,7,2,4,3,1,1,2
39,51,46,18,1,22,0,5,2,9,7,4,7,2,3,5
40,48,46,20,0,24,4,8,8,6,7,1,1,3,3,0
41,42,35,11,9,11,1,5,2,12,7,5,5,0,2,2
42,14,47,16,0,1,1,9,7,11,6,5,8,2,2,1
43,12,43,20,1,20,2,4,0,3,8,1,2,0,1,0
44,55,12,12,4,16,1,6,0,12,4,3,6,1,0,1
45,99,32,11,3,2,0,7,1,6,8,1,7,1,1,5
46,62,7,9,5,5,3,2,4,6,5,3,4,3,2,1
47,81,30,17,3,11,5,7,8,4,4,2,5,0,2,2
48,48,47,16,7,23,2,5,8,11,9,4,5,3,0,1
49,93,16,15,6,17,0,2,0,7,3,1,8,2,0,6
50,73,5,16,5,7,0,9,7,3,8,1,3,0,0,0
51,5,46,17,3,17,4,8,0,9,6,4,6,2,0,1
52,33,16,15,7,3,3,3,8,6,1,3,8,0,2,6
53,14,49,14,2,20,1,5,5,1,2,1,6,0,1,4
54,36,34,6,8,21,1,9,2,6,5,1,1,2,1,6
55,8,13,20,0,0,5,3,8,5,4,3,1,0,3,0
56,40,26,3,9,5,4,1,6,11,8,2,7,3,0,6
57,6,37,0,5,13,1,2,3,5,4,4,2,3,0,6
58,66,29,15,1,18,5,8,7,5,3,4,0,3,2,5
59,52,19,13,7,16,3,0,3,8,3,3,4,3,2,3
60,90,40,1,2,16,4,8,8,0,9,3,5,1,1,3
61,14,35,0,9,20,0,6,6,6,3,4,3,2,1,0
62,96,26,7,6,1,5,9,3,1,1,4,8,1,0,2
63,62,16,1,4,24,1,6,1,8,1,0,1,1,0,0
64,82,24,19,7,11,0,1,1,3,10,5,0,0,2,3
65,15,37,10,5,3,3,0,5,5,5,2,8,0,1,2
66,6,28,5,2,10,2,10,7,11,5,4,1,3,1,2
67,31,5,8,1,4,0,1,6,0,5,1,0,0,2,3
68,76,22,11,4,5,0,4,4,8,10,5,7,2,3,3
69,44,35,7,5,18,5,2,5,1,9,4,2,3,3,2
70,29,42,17,4,3,3,7,2,1,6,4,2,0,1,6
71,78,20,19,8,7,4,10,0,6,2,0,5,0,0,6
72,91,29,9,6,23,3,7,4,10,4,2,8,3,1,0
73,73,26,0,7,11,2,0,1,11,4,4,5,0,3,6
74,6,38,3,2,9,2,6,0,12,1,4,8,2,2,4
75,69,11,4,8,7,1,6,0,4,3,3,3,3,0,5
76,52,21,2,9,16,1,1,6,3,6,4,6,2,3,3
77,32,38,3,9,25,2,5,8,1,7,1,8,3,2,6
78,1,39,17,8,15,5,7,4,7,3,5,5,2,1,1
79,18,12,9,9,18,2,8,2,3,0,0,7,2,1,5
80,10,3,15,6,17,4,9,2,7,6,2,2,3,1,2
81,24,43,2,1,15,0,8,3,3,9,5,7,1,1,5
82,10,39,20,6,18,5,2,6,6,4,2,4,0,1,1
83,6,21,1,3,8,3,5,4,8,5,3,7,2,1,2
84,24,4,2,1,15,1,0,3,1,7,3,1,1,1,3
85,89,31,18,6,19,5,6,7,8,2,2,0,2,2,4
86,59,1,1,5,16,1,6,1,7,2,5,0,2,3,4
87,48,38,7,3,5,0,4,6,3,8,1,7,0,0,3
88,35,4,13,10,10,4,3,0,7,9,4,1,2,3,3
89,12,25,20,0,20,1,8,8,11,8,0,5,1,0,1
90,21,36,12,10,0,1,4,6,9,10,2,3,3,1,4
91,7,18,20,2,24,1,9,7,4,0,5,2,1,1,3
92,9,42,17,4,7,3,9,7,11,0,0,5,1,2,3
93,17,12,20,4,4,1,3,8,4,9,5,4,0,2,2
94,14,6,10,10,21,0,1,8,4,7,0,1,2,2,1
95,99,30,6,9,7,2,5,0,1,7,4,7,0,1,5
96,43,39,7,4,15,3,9,5,6,10,2,2,2,1,0
97,74,6,6,3,16,5,0,2,9,10,1,3,1,1,0
98,35,13,15,10,25,0,5,4,8,5,5,5,3,0,6
99,1,11,18,7,10,0,7,2,8,9,5,4,0,0,0
100,40,15,17,7,23,2,10,6,9,4,1,4,2,1,6
101,85,49,1,2,18,3,0,4,7,3,4,3,0,2,1
102,14,49,16,6,3,5,9,0,6,10,3,1,3,3,6
103,26,34,11,6,9,2,9,3,9,10,3,7,3,3,3
104,8,40,20,3,6,3,10,7,7,10,5,0,2,0,1
105,82,40,6,4,24,3,3,3,2,1,1,5,2,3,6
106,81,22,2,9,0,0,8,8,12,2,4,0,2,2,3
107,48,7,9,6,16,1,8,3,8,9,5,1,3,2,6
108,68,11,14,10,6,4,4,4,11,6,2,4,0,0,3
109,68,26,11,8,14,0,1,1,12,7,4,0,2,1,6
110,51,40,8,2,11,3,0,8,9,4,0,6,0,3,6
111,92,17,15,0,21,1,7,7,7,4,0,2,0,2,6
112,32,26,19,6,20,5,1,7,4,2,0,7,1,1,5
113,58,36,14,4,3,3,5,4,12,8,4,0,0,1,1
114,25,40,12,0,2,2,10,6,9,10,1,5,1,2,6
115,59,35,12,10,13,1,8,8,0,8,2,0,2,0,0
116,31,15,2,8,23,2,0,3,11,0,4,5,3,3,6
117,46,44,0,7,1,4,5,5,11,10,3,0,1,0,3
118,38,38,4,6,6,3,4,6,3,8,4,1,1,2,0
119,11,21,12,9,7,4,8,8,5,10,1,6,3,0,1
120,35,43,20,9,10,3,4,2,3,9,3,4,1,2,0
121,81,27,4,3,0,0,8,1,11,6,4,2,3,2,6
122,72,8,8,0,23,2,9,4,12,6,5,6,1,1,0
123,95,21,0,8,4,0,4,6,0,0,4,3,1,3,3
124,50,2,6,3,12,5,8,0,0,6,2,7,1,1,1
125,87,4,13,0,18,0,9,7,4,7,5,0,1,0,0
126,97,1,6,5,24,0,4,7,5,8,5,5,0,0,0
127,52,47,7,9,14,1,10,3,2,6,5,1,2,1,3
128,93,23,13,7,12,2,2,1,7,10,5,7,1,1,6
129,57,27,9,3,1,0,4,5,1,8,2,4,3,2,5
130,83,28,8,5,5,0,2,2,12,7,1,6,1,1,5
131,39,21,9,6,12,1,4,3,5,3,2,1,1,2,2
132,100,16,15,0,16,4,10,2,3,5,4,2,1,3,2
133,96,3,0,9,11,5,9,6,1,1,5,4,1,0,2
134,9,15,11,10,13,0,3,8,12,4,4,3,2,0,4
135,44,48,14,9,11,1,6,4,9,7,0,0,2,2,6
136,1,28,6,0,0,4,7,3,0,0,4,3,0,2,1
137,75,39,8,10,3,0,2,5,1,0,5,1,1,1,4
138,22,4,8,0,15,5,3,2,6,0,2,7,2,1,4
139,58,48,2,4,14,0,2,2,4,4,2,3,0,0,1
140,33,32,8,1,14,0,0,5,1,7,1,6,1,2,5
141,93,4,11,4,21,2,0,8,7,9,5,3,1,0,4
142,47,44,13,4,6,5,0,0,4,7,4,1,0,1,2
143,40,28,19,10,20,3,6,6,3,2,0,5,3,3,0
144,74,36,4,6,23,5,2,5,2,1,1,6,1,1,1
145,85,43,20,9,10,3,4,0,5,2,4,2,0,3,5
146,43,20,4,1,25,4,2,1,12,0,0,8,3,0,3
147,17,2,19,3,21,5,5,1,7,7,0,8,1,3,4
148,69,6,13,9,11,0,10,5,3,3,2,0,1,1,6
149,37,36,0,8,7,1,3,0,5,10,2,8,2,0,2
150,12,37,16,0,7,4,1,5,2,4,1,0,2,1,4
151,52,42,15,7,1,2,4,7,9,3,0,1,2,0,6
152,53,1,17,7,16,4,10,8,7,5,1,2,1,3,5
153,6,1,3,6,1,5,10,0,10,8,0,2,1,1,1
154,5,11,4,7,22,2,5,3,2,9,4,5,0,3,1
155,68,36,14,2,22,2,8,2,7,7,1,4,0,1,4
156,30,33,7,10,3,3,2,4,6,6,2,7,2,1,0
157,28,23,15,10,24,2,4,2,10,0,5,2,1,2,0
158,10,11,8,1,15,4,2,8,2,5,5,7,0,2,0
159,23,40,5,9,11,5,3,8,7,0,4,3,3,2,4
160,84,3,3,8,6,5,1,3,10,2,0,7,1,3,0
161,30,20,20,6,23,5,3,6,11,9,2,3,0,2,0
162,97,42,18,3,17,1,3,0,6,9,3,2,0,2,6
163,98,38,14,7,20,2,7,7,3,0,0,7,2,1,0
164,59,37,4,2,1,3,4,5,5,9,1,4,3,1,1
165,69,35,5,10,17,4,4,7,3,1,5,2,0,2,0
166,68,40,3,2,18,5,9,4,3,6,1,4,1,2,2
167,28,22,18,10,22,4,2,7,12,1,4,3,1,3,0
168,21,8,15,5,8,5,0,2,10,5,5,1,3,2,3
169,68,21,12,9,7,5,3,3,8,10,2,5,2,2,5
170,46,34,9,9,10,4,7,7,10,0,0,3,0,0,0
171,28,21,6,2,19,0,4,8,2,10,1,2,0,2,0
172,31,1,2,0,1,5,3,4,7,2,2,4,0,3,6
173,45,35,3,7,21,4,8,6,12,6,3,0,0,1,4
174,57,13,17,6,3,3,2,6,9,7,3,7,3,3,0
175,3,4,15,2,2,5,10,7,0,5,2,7,3,2,0
176,82,37,11,2,19,0,3,4,6,2,4,8,3,1,0
177,33,38,1,6,16,2,10,4,7,9,2,8,2,2,1
178,65,40,10,4,2,3,4,0,4,3,3,2,1,0,0
179,10,25,5,8,21,4,1,4,7,3,4,6,2,2,4
180,24,41,3,0,19,4,9,0,5,6,5,5,1,2,0
181,8,6,10,3,23,4,8,7,1,1,0,0,0,1,0
182,53,25,16,4,7,2,9,0,10,2,4,0,2,2,6
183,40,7,1,2,8,0,1,6,2,0,2,2,3,0,0
184,10,29,2,8,16,5,0,7,6,7,4,8,1,1,1
185,64,38,2,0,17,1,4,0,3,3,2,8,1,0,6
186,37,28,13,0,16,3,8,4,4,2,5,7,2,1,4
187,72,29,4,7,11,4,8,1,11,6,4,0,2,3,1
188,93,31,19,4,5,2,6,1,12,4,2,3,3,1,6
189,82,36,1,7,9,3,4,4,3,4,2,8,1,3,1
190,59,29,20,2,16,1,7,1,10,8,4,7,0,2,5
191,13,34,10,1,21,4,1,2,0,2,4,0,1,3,1
192,85,24,7,10,17,1,4,6,11,0,2,6,1,1,2
193,43,23,7,0,5,3,1,3,4,8,0,7,3,0,6
194,71,29,1,3,3,5,0,0,5,4,5,7,2,1,0
195,48,19,2,3,6,0,10,1,9,3,3,6,1,0,1
196,71,11,7,7,16,2,7,0,0,7,0,3,0,2,1
197,66,19,3,2,15,4,8,3,8,5,1,0,2,3,2
198,64,33,14,2,1,3,1,6,0,5,3,1,0,3,2
199,63,40,0,2,8,4,8,0,12,5,0,2,3,2,2
200,32,24,13,9,1,3,0,4,12,8,4,5,2,1,2
201,60,43,3,2,0,4,1,4,5,4,2,1,3,3,2
202,9,27,6,2,18,1,9,2,0,5,5,0,1,3,1
203,58,30,1,0,22,0,3,2,10,10,2,7,2,3,4
204,1,31,3,2,12,5,9,5,7,7,4,4,2,2,3
205,5,27,11,6,22,5,8,1,12,2,0,4,3,1,3
206,44,38,9,0,7,3,7,5,1,4,5,2,3,1,4
207,1,27,7,2,8,2,8,7,2,4,2,3,2,3,2
208,15,16,1,4,15,5,9,3,8,9,0,1,2,3,6
209,75,18,13,9,15,3,5,0,1,4,1,5,1,0,2
210,50,34,17,9,3,1,9,5,7,7,2,2,1,0,5
211,82,28,15,1,5,0,5,6,4,6,3,5,1,0,2
212,91,3,0,9,10,0,2,6,2,8,0,2,0,1,3
213,23,45,4,7,5,4,9,3,9,8,5,2,0,2,2
214,5,11,5,6,22,2,7,5,7,1,3,4,2,2,4
215,98,1,5,6,22,0,0,8,8,3,5,2,1,3,6
216,39,32,17,6,6,4,5,6,12,5,5,3,3,3,4
217,54,6,6,5,23,0,0,3,0,10,1,5,0,0,1
218,81,29,5,8,11,1,1,6,9,6,0,2,3,3,3
219,75,31,17,2,19,4,1,1,2,4,3,0,0,0,0
220,62,40,8,4,13,2,5,1,5,3,5,0,0,1,1
221,70,36,17,10,11,4,1,8,9,7,4,2,2,0,4
222,33,36,2,4,8,5,7,5,3,10,3,7,2,2,1
223,72,3,18,8,1,4,1,8,3,6,3,2,2,1,2
224,20,20,19,4,11,4,8,8,2,3,1,2,3,1,6
225,56,7,0,7,18,4,8,5,1,9,2,7,0,1,0
226,74,1,17,1,6,0,6,8,12,6,1,8,3,1,6
227,59,45,6,4,24,1,6,8,10,8,4,1,2,3,4
228,14,35,18,9,9,3,5,2,10,7,2,6,0,2,6
229,12,17,18,8,24,2,8,0,12,7,2,7,0,2,2
230,43,43,11,7,23,5,4,7,8,1,0,6,0,2,4
231,16,43,14,7,10,5,0,7,0,9,1,4,0,0,5
232,98,15,14,2,0,5,7,3,5,7,2,4,3,2,6
233,98,35,6,8,3,5,3,0,10,9,0,7,1,2,5
234,45,50,11,8,13,4,10,2,3,2,5,8,3,1,0
235,46,48,7,10,9,4,4,3,6,0,3,1,1,0,3
236,29,12,19,6,14,2,4,7,3,6,4,7,0,1,1
237,96,17,2,3,0,2,3,5,6,1,1,5,0,0,1
238,73,28,3,2,19,3,4,1,2,5,3,7,0,0,4
239,93,22,0,10,13,5,8,4,6,1,2,0,1,0,4
240,91,38,19,10,13,1,9,2,6,1,3,1,3,1,1
241,90,34,20,9,10,0,0,1,3,0,0,0,3,1,0
242,15,23,0,0,9,2,5,8,12,7,4,1,3,1,1
243,69,24,9,2,5,1,7,1,0,8,1,3,1,3,6
244,86,8,16,2,23,2,8,8,11,0,3,2,0,1,2
245,85,50,11,2,17,4,3,7,4,7,1,8,1,3,3
246,45,39,2,5,4,5,4,3,1,5,4,4,3,3,1
247,44,16,6,10,3,3,4,7,9,8,4,5,3,1,6
248,20,43,1,1,22,5,3,7,7,1,4,2,3,3,1
249,77,10,14,5,14,0,0,6,0,9,0,8,0,0,4
250,85,16,15,0,0,3,2,7,10,8,0,3,2,3,2
251,28,20,10,4,15,5,1,3,1,5,5,5,2,2,3
252,28,5,8,6,10,3,0,6,5,7,1,1,0,3,1
253,45,34,19,5,20,5,10,8,10,6,2,6,2,3,2
254,54,3,9,9,13,0,1,3,8,2,0,4,2,1,1
255,87,12,18,6,22,5,4,3,0,8,2,4,3,1,2
256,45,27,20,10,17,1,5,4,10,9,5,3,3,0,1
257,40,43,14,8,9,1,0,2,12,6,5,4,3,3,4
258,81,17,15,2,15,5,4,1,7,7,5,0,3,0,3
259,45,7,10,10,4,4,9,2,3,0,1,7,1,2,2
260,27,33,13,8,25,3,7,3,4,4,4,0,1,0,5
261,3,49,9,4,13,5,6,7,4,8,1,1,2,2,4
262,38,47,16,2,14,1,3,0,9,3,5,6,2,2,3
263,9,6,1,10,10,3,5,1,11,0,0,1,0,1,2
264,23,36,6,5,24,1,0,1,7,7,4,5,3,2,0
265,45,50,13,0,8,1,2,3,8,10,2,3,3,1,2
266,17,37,14,10,10,1,4,4,8,7,0,5,3,3,4
267,62,22,8,3,19,0,10,4,9,0,0,7,2,3,4
268,81,46,0,7,8,5,6,5,7,5,2,2,0,3,6
269,82,13,0,5,17,5,2,5,7,9,2,3,3,1,3
270,59,32,0,8,8,2,8,0,3,3,0,6,2,2,4
271,54,6,15,4,4,4,3,5,10,1,0,4,1,1,4
272,24,41,1,0,2,2,8,1,11,1,5,4,3,3,3
273,18,40,12,3,17,4,6,8,2,4,3,6,3,0,6
274,13,22,15,3,21,2,0,7,10,8,0,5,2,1,6
275,35,7,11,7,14,5,3,0,6,0,5,4,2,2,4
276,99,23,4,2,12,1,4,6,1,7,5,0,1,3,1
277,19,18,20,9,17,0,8,5,1,5,4,7,1,3,5
278,43,20,6,3,21,3,10,0,8,0,0,6,1,0,3
279,20,13,0,10,2,1,3,0,2,9,4,4,2,3,0
280,17,43,9,7,14,0,8,7,11,1,4,2,0,2,5
281,8,26,14,1,4,5,6,6,1,1,2,5,2,2,4
282,9,45,11,5,4,0,2,4,3,1,3,1,0,3,6
283,36,44,19,1,19,0,1,1,8,0,0,7,0,2,0
284,56,3,12,10,10,4,4,1,3,2,4,3,3,3,4
285,52,49,8,2,15,1,3,4,12,6,1,0,2,2,5
286,46,46,16,2,6,0,8,4,12,6,5,6,0,3,3
287,51,17,3,7,2,4,9,3,12,0,2,6,1,0,6
288,75,34,6,3,8,4,0,2,10,8,3,7,3,2,3
289,33,22,4,4,1,2,3,4,5,4,1,6,0,0,1
290,20,43,15,5,3,4,2,2,8,1,5,1,2,2,1
291,36,16,13,7,23,5,7,7,6,8,4,8,1,0,4
292,10,27,3,1,4,2,10,7,5,7,4,2,1,2,0
293,11,36,3,7,5,4,2,5,12,4,2,7,0,1,4
294,52,45,4,8,8,2,6,0,8,0,3,5,1,1,3
295,39,2,8,2,21,2,4,5,9,1,1,8,2,2,1
296,75,30,3,6,0,5,9,1,5,1,5,2,3,2,0
297,37,34,6,3,4,2,7,6,3,8,2,0,2,2,6
298,26,7,5,4,21,2,4,3,9,8,5,1,0,2,5
299,85,17,5,4,4,3,0,2,3,6,5,6,1,0,1
300,84,44,15,6,4,1,9,3,1,7,0,0,0,1,2
301,38,17,11,7,16,0,0,7,3,9,0,4,3,0,2
302,42,40,7,1,23,2,6,1,9,6,2,0,2,1,5
303,24,8,11,10,14,2,5,4,10,8,2,7,2,0,2
304,50,3,18,10,4,2,1,6,3,1,5,1,1,3,3
305,59,42,4,9,25,2,10,0,9,8,5,1,0,0,3
306,39,40,5,9,5,1,9,2,12,0,3,6,0,1,4
307,56,15,7,4,9,4,10,0,6,5,1,7,3,1,2
308,87,21,13,10,5,2,8,4,11,10,0,3,0,2,5
309,95,38,13,0,6,2,6,7,0,1,2,3,0,0,6
310,63,15,11,8,2,4,0,4,10,7,4,0,2,3,0
311,3,43,3,6,1,0,9,4,2,6,3,4,0,1,6
312,25,30,6,4,2,3,7,1,11,0,2,3,0,3,3
313,80,8,15,9,6,1,9,3,12,9,2,7,2,3,6
314,65,22,14,5,14,1,7,3,4,7,3,3,0,1,5
315,17,21,18,1,8,2,3,2,4,8,3,6,1,1,2
316,47,45,18,9,10,3,1,4,10,1,5,1,2,2,2
317,99,37,1,4,21,5,3,4,1,10,4,4,2,0,4
318,87,45,16,7,23,3,0,4,5,10,0,4,0,2,6
319,86,21,4,1,18,4,5,4,7,5,3,7,1,3,0
320,33,19,5,10,12,4,6,6,9,3,3,8,2,1,4
321,87,5,4,3,20,0,7,1,12,2,0,5,0,0,3
322,2,4,8,6,13,0,4,5,2,3,3,0,0,1,1
323,82,26,11,2,15,2,8,5,1,0,4,7,3,1,4
324,83,19,11,6,9,3,1,5,4,10,0,8,1,0,5
325,86,13,5,7,7,4,2,3,8,5,0,3,1,2,5
326,42,11,16,4,7,5,8,4,3,7,5,8,0,0,6
327,6,4,6,1,22,0,5,2,11,7,1,4,3,3,4
328,50,49,10,6,8,3,8,2,1,9,0,6,0,1,1
329,93,27,18,0,22,4,5,3,10,3,3,8,2,1,6
330,60,13,19,7,1,3,1,4,12,3,0,8,3,3,0
331,20,32,6,9,4,2,1,6,11,3,2,6,2,0,1
332,22,11,6,5,20,3,0,1,10,4,1,7,2,2,2
333,74,21,17,2,1,0,0,2,7,2,4,0,3,1,5
334,2,12,16,9,20,2,10,4,12,6,1,3,0,3,6
335,74,33,15,6,8,5,3,0,12,2,2,1,0,3,3
336,91,50,11,9,12,5,5,7,6,3,5,6,0,1,3
337,9,2,0,10,22,4,5,6,10,5,5,6,0,3,2
338,92,29,3,5,9,2,1,2,11,7,3,4,0,0,5
339,19,12,13,1,13,5,7,0,11,9,0,0,0,1,3
340,64,50,20,6,12,1,3,1,5,6,3,6,1,3,2
341,24,47,10,1,10,1,5,2,8,1,5,8,0,2,4
342,65,16,13,2,9,4,3,4,9,7,2,1,2,3,2
343,89,16,7,10,6,1,7,4,12,6,5,7,3,0,1
344,26,2,8,6,10,4,8,6,2,7,4,6,1,0,0
345,79,49,12,6,25,3,7,7,11,10,1,5,2,3,4
346,80,28,13,6,9,3,5,2,4,6,5,1,1,1,5
347,19,1,11,7,4,4,8,6,8,9,0,6,3,3,2
348,66,13,7,4,14,2,0,2,8,4,1,7,0,0,5
349,89,49,15,8,16,0,8,7,11,1,2,8,0,1,4
350,15,35,13,6,3,4,9,2,7,6,5,2,1,1,3
351,46,36,7,7,19,5,7,0,7,5,3,6,3,3,2
352,20,21,10,8,6,5,8,5,4,9,1,7,3,3,1
353,31,17,6,9,3,1,5,5,9,0,2,7,3,2,2
354,39,49,15,6,8,3,1,6,1,9,0,8,1,3,6
355,44,23,2,5,15,3,7,2,12,0,0,7,0,0,6
356,83,33,7,6,6,0,0,3,1,10,0,7,0,1,1
357,18,22,18,5,25,5,8,6,0,4,5,7,3,2,3
358,19,46,11,10,4,3,5,3,11,3,5,7,2,3,4
359,45,32,2,2,19,1,7,3,12,7,4,7,3,2,5
360,46,10,0,4,22,4,2,0,12,7,1,7,2,0,1
361,56,50,19,1,17,0,4,7,7,10,5,8,2,3,0
362,33,45,12,5,3,2,8,0,10,5,3,1,1,2,5
363,47,15,17,4,11,1,9,0,10,10,2,6,3,2,1
364,70,45,11,7,20,3,6,1,11,5,3,5,0,1,4
365,41,34,4,6,20,2,2,1,2,1,4,0,0,1,0
366,27,26,20,2,2,5,7,3,12,1,4,0,3,0,5
367,80,13,9,2,18,5,4,1,12,1,4,4,3,3,1
368,95,3,2,5,3,2,0,4,0,9,4,0,0,0,0
369,86,5,5,8,4,1,9,8,6,0,1,3,3,1,4
370,62,42,1,8,6,5,6,6,4,3,5,0,3,1,0
371,84,9,19,3,1,1,9,3,0,10,4,6,0,2,4
372,92,18,4,3,16,3,8,3,5,9,4,6,3,1,6
373,30,3,3,10,13,2,5,2,7,6,3,8,3,0,1
374,21,26,20,9,0,3,5,0,0,6,1,3,0,3,5
375,39,11,5,0,9,2,3,5,10,0,1,3,2,1,2
376,100,17,10,0,8,1,6,0,0,4,4,3,3,1,0
377,10,1,8,4,1,1,9,0,11,9,5,7,1,0,1
378,80,4,9,9,6,1,8,2,12,1,5,4,1,1,5
379,22,29,6,0,12,1,4,5,9,0,5,0,3,2,0
380,20,36,1,8,18,1,4,8,8,2,2,2,3,0,0
381,41,3,18,7,7,4,6,2,12,6,2,6,1,1,5
382,88,14,4,10,6,3,7,3,2,9,1,5,1,2,3
383,1,48,19,5,5,3,5,2,3,1,2,2,2,0,6
384,96,42,16,8,20,1,9,6,7,6,2,8,3,0,0
385,66,7,5,3,16,0,2,5,7,1,5,2,0,2,5
386,68,37,5,0,10,1,9,4,1,4,1,5,1,1,1
387,62,49,13,7,23,1,9,7,12,5,5,5,3,2,6
388,11,50,17,5,24,4,3,6,12,2,5,7,1,1,0
389,3,31,2,5,13,4,4,8,8,5,0,3,0,1,5
390,58,4,19,2,21,0,10,2,0,4,5,5,1,3,4
391,76,25,17,9,7,3,10,5,7,3,1,2,1,0,6
392,16,42,7,7,4,3,8,4,11,8,2,4,3,1,1
393,40,34,19,8,7,3,8,3,1,10,0,0,1,2,1
394,5,49,9,4,9,5,2,5,1,10,0,5,2,3,4
395,99,4,9,7,25,4,9,3,9,1,2,1,2,0,3
396,75,25,12,2,12,1,2,2,6,2,5,0,0,1,2
397,51,27,10,5,14,3,10,6,12,10,2,5,1,1,1
398,13,1,9,8,10,5,4,3,9,10,1,7,1,0,3
399,92,41,16,0,17,1,7,1,5,9,1,3,1,3,3
400,66,17,17,3,16,0,8,5,3,10,4,2,0,1,1
401,72,38,4,9,16,5,0,2,7,1,1,0,1,1,0
402,84,9,11,3,6,0,9,0,4,8,1,8,2,3,6
403,30,45,3,2,17,5,4,8,3,0,3,2,2,1,1
404,63,43,10,7,0,3,6,4,2,6,5,2,3,2,4
405,47,9,0,8,0,2,10,7,11,2,2,7,3,3,2
406,62,8,10,0,10,4,0,4,11,5,1,5,2,1,4
407,76,13,16,9,23,5,2,3,12,4,2,0,3,3,1
408,11,44,14,9,4,1,6,0,7,4,2,8,1,3,5
409,16,14,5,4,15,2,1,8,4,0,1,1,3,0,1
410,19,19,8,2,25,0,7,7,12,0,1,7,0,1,2
411,49,16,15,6,1,1,4,6,9,7,1,4,0,1,2
412,47,37,8,3,11,1,6,2,10,2,3,8,2,0,0
413,88,2,4,8,25,2,5,1,3,5,0,8,1,3,6
414,98,37,5,2,12,3,5,6,8,7,0,8,2,2,3
415,62,25,15,10,9,0,7,1,4,8,5,1,3,2,1
416,56,43,19,5,4,0,2,1,10,6,0,2,0,3,6
417,94,20,6,1,19,1,3,7,12,6,0,2,0,2,1
418,51,7,18,6,1,2,1,7,10,7,0,3,3,3,6
419,94,43,3,8,21,1,9,7,4,9,4,5,1,3,6
420,37,26,15,0,8,3,5,4,0,9,4,4,0,3,6
421,13,28,7,9,0,2,7,5,2,4,5,6,2,0,3
422,25,3,14,2,2,0,8,1,7,1,5,2,3,2,1
423,92,30,1,7,6,1,6,2,7,5,0,1,0,1,5
424,71,6,19,1,12,5,0,4,8,4,2,0,1,3,2
425,39,9,7,10,25,3,1,5,1,2,4,3,1,3,1
426,86,37,16,5,7,2,9,0,10,4,3,6,3,2,4
427,26,16,2,9,21,0,9,7,5,8,2,4,2,0,6
428,96,36,20,9,2,5,8,4,7,3,0,2,0,0,3
429,90,9,5,4,25,5,1,3,3,6,1,1,2,3,5
430,59,21,0,3,15,0,8,1,12,5,5,6,1,3,1
431,96,28,16,10,14,0,2,3,0,8,0,1,2,0,4
432,58,20,3,3,7,5,9,2,8,7,3,3,3,3,6
433,53,47,5,0,4,5,4,8,5,0,3,3,0,0,3
434,68,17,0,1,5,4,9,1,4,2,5,3,3,2,2
435,17,5,9,0,19,4,7,7,10,2,0,4,0,2,5
436,7,21,2,2,9,1,4,0,4,9,2,5,3,2,2
437,44,15,12,1,3,3,6,1,9,9,3,7,1,3,0
438,53,27,7,10,6,4,5,2,8,7,2,7,3,0,2
439,11,38,15,7,10,2,4,4,2,7,2,0,0,1,3
440,73,4,16,10,6,5,9,1,7,0,3,2,1,0,2
441,53,24,12,3,15,2,5,7,0,9,2,6,2,2,5
442,99,42,17,6,13,0,6,0,7,4,4,5,1,0,1
443,36,11,6,10,23,5,8,1,0,7,5,0,2,2,4
444,27,31,12,4,13,4,10,5,7,5,4,6,3,1,2
445,64,10,4,3,9,1,9,2,0,1,0,8,2,2,5
446,52,44,5,10,25,0,2,6,6,2,2,8,1,1,5
447,58,11,14,8,20,2,4,6,0,3,1,3,3,1,6
448,63,12,19,7,1,3,9,1,3,5,5,1,2,1,5
449,95,2,18,2,24,5,3,6,8,6,4,2,3,2,4
450,17,15,18,4,24,2,5,0,12,9,2,5,3,0,5
451,9,11,19,8,13,3,3,1,1,10,1,2,3,1,3
452,37,34,19,1,0,1,2,3,9,0,4,3,3,1,4
453,25,22,7,8,20,5,4,2,2,5,3,1,1,0,4
454,45,25,18,5,18,2,10,1,4,10,5,5,2,3,3
455,46,41,2,3,2,1,2,5,5,6,0,2,2,0,6
456,42,19,16,4,21,1,4,1,1,5,3,3,0,2,4
457,7,6,2,6,18,1,0,4,11,0,4,2,3,0,4
458,86,22,17,4,10,1,9,8,0,1,5,8,1,3,6
459,39,42,8,6,16,3,3,2,1,3,1,8,0,0,3
460,90,35,12,5,11,1,9,5,1,6,1,8,1,3,1
461,100,19,14,3,3,2,4,8,7,7,2,4,3,2,6
462,93,9,4,1,14,3,3,2,1,7,4,1,1,2,6
463,52,13,13,4,24,2,7,0,5,8,2,8,2,3,6
464,69,26,20,2,18,3,10,2,10,5,1,3,3,0,6
465,43,24,18,7,15,1,10,0,11,8,3,8,2,0,0
466,99,38,19,5,6,2,6,7,2,1,3,5,2,2,1
467,95,49,13,10,11,2,8,2,9,9,1,2,3,1,3
468,92,11,9,10,1,1,9,0,3,10,4,3,2,0,3
469,70,24,1,4,12,0,7,1,6,1,1,8,1,2,0
470,70,30,3,4,23,1,3,8,3,3,0,1,2,2,5
471,4,40,4,0,15,4,3,3,8,4,2,1,3,2,3
472,63,16,5,4,4,1,7,4,9,5,3,4,0,0,5
473,100,21,12,9,22,4,3,0,7,0,4,2,3,1,3
474,63,30,12,8,17,5,10,1,11,6,2,3,2,2,6
475,5,45,6,8,21,3,4,8,0,8,3,2,0,2,1
476,81,28,5,4,22,2,3,1,3,4,0,3,0,0,0
477,74,8,9,10,4,5,7,4,4,6,5,2,1,0,0
478,92,40,7,3,8,1,7,0,0,3,0,6,3,1,3
479,91,27,13,6,6,5,1,6,5,8,5,2,1,2,2
480,95,50,6,1,19,1,7,4,11,5,4,4,0,2,4
481,1,48,16,2,11,0,1,8,4,1,5,0,2,0,4
482,26,6,6,8,18,0,9,3,2,7,3,5,1,0,6
483,75,21,16,3,9,4,2,1,3,5,1,1,3,0,6
484,92,30,10,4,19,3,7,5,10,8,0,3,2,1,6
485,8,4,7,6,5,3,9,8,3,3,5,1,1,2,0
486,13,41,3,3,7,2,4,1,6,4,0,0,1,2,0
487,8,21,13,4,20,5,5,8,3,10,1,5,2,3,6
488,90,8,2,6,15,1,5,6,3,7,4,2,1,2,4
489,83,25,19,10,8,3,8,7,1,3,5,6,0,3,6
490,16,4,5,0,25,3,4,5,11,4,0,0,0,1,6
491,45,2,0,8,2,1,1,2,9,10,0,5,1,0,4
492,36,25,5,1,15,1,8,8,6,8,3,2,0,1,4
493,16,16,15,8,24,1,3,4,2,3,1,8,2,3,4
494,71,46,17,3,17,1,2,0,4,5,2,6,2,0,6
495,37,37,20,0,18,5,3,8,7,1,5,0,2,2,2
496,11,14,8,9,1,4,10,0,7,3,2,6,3,3,2
497,41,42,8,2,12,0,6,6,8,3,2,8,2,2,0
498,36,3,7,3,2,4,6,6,6,4,4,3,3,0,6
499,88,38,8,2,8,4,10,2,4,0,3,8,3,3,4
500,6,7,12,7,20,1,7,8,3,1,0,2,3,0,3
501,56,37,2,7,18,4,10,1,5,1,2,4,3,1,0
502,10,27,15,2,6,2,4,0,11,9,1,4,0,0,3
503,85,39,9,9,9,5,1,4,10,8,1,4,1,0,0
504,84,27,8,5,2,1,4,4,10,10,1,7,3,3,5
505,97,30,17,0,3,3,3,5,9,5,2,4,2,2,6
506,59,45,13,4,5,3,0,3,5,8,1,3,2,3,2
507,88,5,0,7,19,3,2,3,7,8,5,0,2,3,1
508,34,30,20,0,17,3,8,3,1,0,0,2,1,3,4
509,22,9,0,7,6,2,0,6,10,0,2,8,1,0,0
510,51,18,18,8,4,5,8,8,2,7,3,6,2,0,1
511,2,40,17,3,25,4,6,6,7,5,1,7,3,1,0
512,81,17,8,1,22,5,7,6,2,8,0,1,2,0,5
513,52,17,20,4,13,0,1,1,3,1,2,4,3,0,2
514,90,45,8,9,15,4,10,0,10,7,4,0,3,0,3
515,77,8,18,2,25,5,10,4,0,1,1,7,0,1,4
516,46,22,16,5,20,0,10,2,12,0,0,5,3,0,2
517,42,20,16,3,21,2,2,2,2,10,0,3,0,0,3
518,73,25,12,1,2,3,0,4,12,10,2,0,0,3,4
519,17,23,16,6,4,1,7,5,12,4,4,0,0,0,1
520,72,40,3,5,25,0,1,4,2,10,4,1,1,1,3
521,4,39,6,6,0,5,7,5,3,5,4,4,0,1,6
522,58,1,9,9,3,2,0,8,10,7,3,0,3,2,2
523,77,22,3,3,7,0,9,0,12,8,2,4,3,3,3
524,91,17,10,10,16,4,9,8,11,7,0,5,2,0,1
525,90,40,16,10,10,4,6,2,7,10,4,0,1,1,5
526,56,5,11,4,16,5,10,6,12,1,5,6,1,3,3
527,43,36,13,10,10,3,2,0,1,5,0,7,3,3,1
528,7,48,4,5,9,2,8,4,1,6,3,5,0,1,6
529,34,13,14,6,25,3,3,8,6,4,0,4,3,0,6
530,1,46,13,7,5,4,3,1,5,4,0,0,1,3,2
531,77,31,10,6,9,5,5,1,5,8,0,6,1,2,6
532,59,9,16,5,4,5,8,6,6,6,1,1,1,1,3
533,58,17,9,1,23,5,10,3,4,6,5,4,1,2,2
534,61,50,16,7,21,1,2,2,7,4,1,7,3,3,2
535,71,1,14,0,10,1,1,2,4,4,4,0,1,2,3
536,11,9,19,1,3,5,4,2,5,2,5,5,2,2,2
537,55,46,10,5,25,4,3,8,3,8,0,7,0,3,5
538,9,39,17,2,16,3,9,1,6,4,3,5,3,0,4
539,100,22,19,9,4,4,1,0,10,0,1,4,0,3,4
540,37,24,7,0,22,5,7,1,8,2,2,0,2,0,6
541,43,35,8,0,7,2,0,5,1,8,2,3,0,0,5
542,56,29,9,6,2,1,8,1,8,2,4,4,1,3,3
543,34,39,9,8,4,5,1,6,2,10,0,6,3,2,6
544,67,50,12,5,19,2,6,5,7,8,4,4,3,3,4
545,88,49,3,6,13,2,6,6,3,9,0,0,0,0,4
546,73,37,18,8,15,2,4,6,12,7,0,5,0,2,3
547,79,34,10,2,22,4,4,7,6,3,5,2,0,2,6
548,24,47,17,2,3,1,1,4,6,1,3,8,0,0,5
549,100,21,12,7,7,2,9,3,10,7,5,4,3,3,2
550,66,20,3,8,4,1,10,6,7,8,0,3,1,1,0
551,54,29,18,4,1,2,10,5,1,10,1,8,1,2,0
552,2,18,9,2,0,1,1,5,5,10,0,7,1,2,0
553,66,25,10,0,11,5,10,4,6,8,4,7,1,3,2
554,57,26,14,8,12,2,1,1,11,10,4,1,3,2,4
555,72,32,17,7,16,3,9,3,0,3,0,1,3,3,1
556,45,43,0,1,14,5,9,7,8,8,1,0,2,1,5
557,59,37,1,10,18,3,1,0,8,10,2,0,0,1,5
558,29,33,6,4,25,3,1,8,12,9,3,0,2,0,2
559,26,42,2,10,5,5,5,0,12,2,0,5,1,3,1
560,15,43,3,2,18,3,8,1,6,7,5,8,2,1,1
561,87,13,10,9,7,0,0,5,0,1,0,1,1,2,5
562,71,26,0,0,7,2,0,0,11,5,4,4,3,2,3
563,45,24,19,6,19,0,4,0,12,7,3,0,0,1,1
564,58,12,2,2,0,3,8,2,12,1,0,6,0,2,3
565,22,1,8,5,17,1,9,1,12,4,2,6,3,1,6
566,11,10,13,4,23,5,7,5,5,1,2,8,1,0,2
567,23,25,11,8,25,4,8,2,7,10,2,7,0,0,6
568,86,20,1,8,10,3,7,0,10,10,0,3,3,2,3
569,88,33,15,4,4,1,2,6,0,10,5,5,1,2,2
570,71,8,0,9,9,4,7,7,6,1,5,0,0,0,5
571,24,42,16,1,22,0,3,5,3,8,3,1,1,3,5
572,90,22,19,9,4,4,0,6,8,5,2,4,3,3,1
573,23,29,15,10,5,3,5,6,0,8,5,4,3,0,0
574,20,1,16,1,24,3,9,6,12,9,0,1,3,0,1
575,44,50,16,10,19,2,8,3,11,3,1,5,2,1,1
576,50,14,12,3,18,5,6,8,11,8,5,8,0,0,5
577,55,27,8,4,13,0,2,0,1,7,0,6,0,0,1
578,62,30,20,5,15,2,6,4,10,10,4,0,3,1,6
579,23,44,4,3,25,2,10,5,0,1,3,8,3,3,2
580,78,28,4,10,24,0,2,3,8,1,1,4,1,0,3
581,61,39,19,7,19,4,6,3,0,5,2,6,0,0,1
582,36,11,0,7,5,2,4,6,9,2,0,5,3,3,0
583,55,26,20,9,13,0,5,3,8,7,5,8,2,2,0
584,99,7,4,1,13,5,0,3,1,6,2,4,2,3,2
585,69,4,4,4,25,5,7,2,12,0,3,1,0,1,0
586,30,44,3,9,3,4,7,3,4,2,1,6,3,2,1
587,76,32,11,6,24,3,6,3,10,8,2,1,1,2,2
588,11,14,5,6,11,5,2,7,10,5,0,7,0,1,4
589,62,6,5,2,8,4,0,1,7,3,3,5,1,0,1
590,33,46,18,5,17,2,1,8,0,5,1,0,2,0,2
591,72,23,6,1,12,1,1,3,6,5,0,6,1,3,0
592,91,38,0,9,0,2,5,7,4,2,3,6,2,2,3
593,92,37,7,3,22,3,2,8,8,0,2,5,0,1,5
594,32,31,0,6,21,2,5,3,12,2,5,8,3,3,3
595,57,2,9,5,11,2,4,7,1,10,5,8,0,3,1
596,92,8,9,2,5,5,4,8,10,10,5,0,1,0,3
597,67,47,16,9,12,3,10,3,8,10,4,0,3,3,5
598,87,28,16,8,14,2,5,2,0,8,5,2,0,2,4
599,8,21,10,6,6,1,0,7,0,3,2,7,0,3,0
600,30,40,11,0,10,1,5,1,8,2,2,6,3,3,2
601,65,47,10,7,5,3,7,6,1,0,3,6,0,1,5
602,90,19,19,2,23,3,4,8,8,8,0,8,1,0,6
603,23,19,17,7,18,2,8,1,2,3,0,8,2,1,4
604,63,46,6,8,9,1,4,6,0,0,0,5,2,1,2
605,66,35,17,1,11,0,5,2,5,0,1,0,2,1,5
606,37,24,0,0,8,4,7,4,6,8,1,0,0,0,0
607,42,42,3,6,1,2,10,1,4,6,0,1,2,0,6
608,98,12,2,0,8,1,3,0,6,2,0,5,0,2,6
609,59,50,13,8,10,0,9,2,3,9,5,2,2,2,5
610,74,43,2,7,23,2,1,1,5,6,0,3,3,0,0
611,82,18,9,2,7,4,0,6,11,10,5,4,0,1,1
612,59,41,15,5,9,4,7,4,7,6,5,4,0,1,4
613,24,28,5,3,11,2,3,0,7,2,2,4,0,3,6
614,32,48,8,3,6,2,2,4,3,5,1,8,1,3,6
615,87,23,2,9,0,1,7,7,5,10,0,6,0,2,5
616,23,18,4,2,15,2,2,7,1,6,0,7,1,0,0
617,64,26,20,7,14,0,7,7,0,1,2,1,3,0,1
618,57,40,4,4,18,4,2,5,6,5,5,3,0,1,0
619,40,40,9,8,7,0,4,1,3,3,4,2,2,2,0
620,53,22,1,9,18,5,5,6,2,2,3,3,0,1,3
621,79,22,7,5,15,0,9,7,11,2,1,1,0,1,3
622,2,36,15,6,24,1,4,5,0,4,1,4,1,3,3
623,9,10,14,2,10,4,4,7,3,2,1,7,0,3,0
624,35,32,9,3,12,3,0,4,1,10,5,1,1,3,6
625,29,27,3,5,20,2,0,0,4,6,4,4,2,1,4
626,30,39,1,7,17,0,6,4,1,7,4,3,1,3,2
627,29,46,19,3,17,3,0,2,8,7,2,3,1,1,4
628,83,45,10,7,9,1,6,4,6,1,0,0,1,2,5
629,27,16,2,10,3,4,8,5,10,9,2,3,2,0,5
630,58,19,19,10,0,5,4,6,1,8,4,8,1,3,3
631,32,16,10,3,24,1,4,0,3,7,2,4,0,0,5
632,23,4,5,9,11,5,9,2,11,7,3,1,1,0,2
633,87,2,14,5,12,3,0,8,0,1,4,8,2,2,4
634,52,32,9,9,24,4,3,8,10,5,4,1,2,2,6
635,26,3,3,5,12,0,9,0,3,0,5,5,3,1,4
636,93,22,14,2,11,1,8,5,8,5,1,5,3,2,6
637,91,35,6,6,9,4,0,1,5,0,5,1,0,3,5
638,51,23,6,3,23,5,4,7,12,3,1,5,0,0,0
639,39,30,5,9,14,5,5,6,0,5,1,2,0,2,0
640,1,30,5,0,2,1,6,0,6,4,3,8,1,2,6
641,67,18,20,1,9,5,7,4,7,2,0,4,0,3,0
642,97,29,17,7,23,0,0,6,7,7,2,3,3,1,6
643,45,43,11,8,4,0,7,1,12,8,1,8,1,0,1
644,15,39,13,0,23,5,0,3,5,2,3,3,1,3,4
645,47,21,12,2,9,1,4,2,5,1,5,6,1,1,0
646,3,46,1,0,24,2,2,1,4,0,2,2,0,2,0
647,2,45,4,7,21,1,5,1,3,7,4,0,0,3,6
648,70,2,6,1,9,2,8,5,11,6,0,4,2,0,4
649,47,35,3,10,13,4,4,0,3,0,0,2,3,1,0
650,36,36,11,5,19,1,5,3,5,4,4,7,1,0,6
651,67,20,20,6,0,5,9,1,7,1,3,8,2,2,3
652,8,13,10,10,9,4,2,7,3,1,5,1,0,3,1
653,33,33,19,5,17,0,4,5,1,8,1,6,1,1,3
654,72,11,20,9,2,5,0,7,11,6,0,0,1,2,3
655,39,23,20,9,4,2,7,6,0,8,2,2,1,2,0
656,81,50,14,8,2,4,8,3,7,0,3,8,1,1,4
657,56,43,7,3,18,2,9,6,5,8,2,6,0,2,6
658,77,19,10,4,11,0,2,5,4,8,3,3,3,1,4
659,48,34,3,4,8,5,8,5,4,10,4,3,0,3,1
660,63,28,8,6,2,3,4,0,10,6,0,8,3,0,2
661,53,20,0,5,15,2,1,6,12,2,3,3,1,3,5
662,12,35,0,5,6,3,3,8,0,7,2,0,3,2,0
663,91,18,15,0,0,5,5,3,0,8,1,0,0,0,5
664,23,36,10,8,11,0,0,6,1,1,4,5,0,1,0
665,97,31,14,4,15,1,8,2,8,6,1,2,0,3,3
666,80,42,3,10,7,4,3,4,1,7,5,6,2,0,1
667,28,10,11,7,1,3,9,7,0,6,2,0,0,1,6
668,4,4,0,1,14,0,9,5,1,0,0,1,1,1,3
669,86,34,6,6,13,2,3,2,11,10,2,6,2,1,5
670,3,1,18,6,19,0,4,6,1,9,2,1,0,0,2
671,68,45,12,4,7,3,9,5,0,7,1,4,0,2,4
672,78,45,19,7,25,0,4,7,9,3,2,0,3,0,2
673,96,33,0,6,14,5,8,4,2,6,0,0,0,0,1
674,1,33,8,3,17,0,5,8,0,9,3,3,3,3,3
675,57,11,10,2,3,5,9,2,11,10,0,5,2,0,5
676,53,24,13,7,8,3,2,7,7,0,5,7,0,1,1
677,80,37,20,1,21,4,4,3,12,4,3,8,2,2,1
678,78,11,1,2,10,1,9,3,11,2,1,5,1,3,2
679,48,30,0,1,18,3,7,1,9,5,4,3,1,0,3
680,47,40,15,9,2,2,9,1,9,6,3,6,1,1,0
681,84,45,20,3,15,1,7,7,10,1,2,0,3,1,3
682,82,50,20,10,19,5,4,8,7,5,0,6,3,3,5
683,73,11,10,9,7,1,2,7,3,8,3,4,2,2,3
684,83,45,1,0,5,3,9,6,2,7,0,2,0,0,4
685,1,4,4,6,8,2,6,4,1,3,5,8,3,0,0
686,61,46,0,1,6,1,7,6,3,2,3,5,2,3,3
687,52,4,11,4,16,4,8,3,6,0,4,0,3,3,5
688,72,41,6,10,13,3,0,4,3,1,2,2,2,1,0
689,45,29,16,6,23,0,4,0,5,0,1,8,0,1,6
690,52,38,16,3,17,3,8,3,5,4,2,4,2,2,1
691,27,16,13,5,18,5,8,4,9,1,0,1,2,1,1
692,12,45,2,8,5,1,6,1,2,2,3,8,3,1,3
693,10,20,7,10,18,2,4,4,12,0,5,1,3,0,4
694,96,37,9,8,18,1,0,7,8,5,2,5,1,0,3
695,8,27,19,8,2,0,6,8,8,5,0,7,0,2,2
696,95,34,15,2,21,3,4,3,3,2,4,7,3,0,5
697,26,10,9,4,6,1,0,8,10,5,0,7,1,2,6
698,96,13,9,7,10,2,5,3,5,6,1,8,3,2,5
699,6,21,13,5,21,3,5,6,3,3,1,4,0,2,4
700,83,23,8,10,20,0,6,4,12,8,5,3,1,2,4
701,24,47,8,9,22,2,7,7,4,4,4,4,0,0,3
702,100,7,13,1,14,2,6,1,0,2,1,7,3,3,2
703,93,16,13,0,5,3,3,1,4,5,2,5,1,0,1
704,61,38,7,8,1,0,0,1,8,9,3,5,1,2,4
705,62,3,10,10,22,1,3,1,5,9,3,3,0,2,2
706,58,33,18,4,6,4,3,4,5,4,2,5,0,0,6
707,86,48,6,10,10,0,2,0,12,8,5,5,2,0,3
708,17,21,19,8,3,5,10,7,5,0,0,8,3,0,2
709,62,39,3,4,9,1,2,5,1,4,4,4,3,0,6
710,42,23,8,7,11,5,10,1,2,4,0,1,0,0,5
711,31,12,6,7,25,1,8,8,5,3,2,8,0,3,6
712,27,39,10,8,9,3,4,2,11,9,2,3,2,3,3
713,46,47,20,1,15,0,5,2,8,7,1,2,3,1,2
714,5,25,11,1,8,0,9,2,9,3,2,8,0,1,5
715,30,2,18,1,2,5,9,5,7,4,3,0,1,1,1
716,99,22,13,7,8,4,3,0,6,3,3,8,3,1,2
717,24,16,7,1,9,0,6,8,10,9,0,4,1,3,4
718,80,13,5,10,7,0,5,4,9,2,5,7,1,3,0
719,49,15,14,9,14,4,4,3,12,5,1,8,3,0,5
720,22,41,16,10,2,3,4,1,0,10,5,2,2,2,0
721,63,23,11,4,10,5,2,5,0,8,4,5,2,1,0
722,6,3,2,5,21,0,9,8,4,3,3,1,1,2,1
723,99,27,4,9,7,2,0,0,1,8,4,2,3,0,1
724,26,40,0,7,23,4,5,8,0,0,2,6,1,0,3
725,62,47,3,2,1,4,6,0,10,10,1,7,3,1,6
726,87,46,16,0,0,5,0,7,6,7,5,7,3,1,5
727,21,45,14,1,10,0,0,1,3,1,1,6,0,2,0
728,2,9,12,3,24,0,2,6,9,8,4,1,0,3,5
729,5,6,8,7,21,2,8,2,3,3,5,2,3,0,3
730,100,46,20,8,25,5,2,4,9,9,0,5,3,2,2
731,65,27,1,0,17,4,1,5,1,3,2,3,0,0,1
732,57,40,14,4,14,2,2,7,12,5,2,3,0,2,1
733,52,31,5,7,10,5,7,5,8,6,1,4,0,1,6
734,70,49,16,10,2,3,2,6,2,8,2,2,2,0,0
735,49,39,13,6,0,0,10,3,7,5,0,3,3,2,1
736,55,37,19,8,16,3,5,5,6,0,1,5,2,1,1
737,48,19,14,9,8,1,0,0,2,4,2,4,0,3,4
738,37,7,3,6,22,1,1,5,4,1,1,1,3,1,2
739,54,6,5,3,7,5,8,6,12,3,1,2,0,1,3
740,72,40,9,3,24,3,7,0,2,2,3,6,3,0,0
741,36,34,20,8,5,1,0,3,4,1,5,7,1,2,5
742,93,31,7,2,21,0,6,1,4,5,4,8,3,2,4
743,92,5,5,9,13,5,9,6,6,4,0,0,1,3,6
744,81,4,14,10,9,3,3,4,0,6,3,2,0,0,0
745,24,2,2,1,7,0,4,4,11,8,3,3,0,3,5
746,33,42,9,5,2,4,5,4,5,5,0,2,1,1,0
747,17,21,19,10,12,4,5,4,12,7,0,3,3,3,6
748,12,36,9,0,23,5,10,3,8,3,2,2,2,2,4
749,49,2,6,4,23,2,10,5,1,8,1,2,1,1,4
750,39,44,19,6,8,2,10,7,8,1,4,6,2,2,2
751,6,9,12,6,18,0,7,5,11,2,1,1,1,1,2
752,25,44,13,1,16,0,2,6,8,2,2,1,1,0,2
753,50,36,12,10,16,1,7,1,7,9,0,5,2,0,6
754,21,1,8,3,8,4,1,4,4,8,0,7,2,1,2
755,27,37,2,2,20,0,7,2,7,1,5,0,0,2,1
756,6,15,3,0,21,0,4,4,8,9,4,1,2,1,2
757,47,48,5,7,9,0,0,5,3,0,2,8,3,2,2
758,24,16,18,7,17,5,8,4,12,4,1,7,0,3,2
759,42,18,3,0,17,2,8,8,12,2,4,2,2,1,1
760,1,24,2,8,0,0,5,8,6,4,0,7,3,0,1
761,27,21,6,8,15,5,7,1,1,6,2,3,0,0,6
762,51,46,12,3,5,5,7,2,7,10,4,8,0,2,0
763,6,32,13,5,25,4,8,1,12,3,2,6,3,2,6
764,89,21,6,5,19,2,7,6,9,10,3,8,1,0,4
765,12,2,14,10,14,1,4,2,11,4,1,1,0,2,1
766,75,20,13,2,18,3,5,3,8,0,2,3,2,1,3
767,53,26,2,4,22,0,4,4,12,3,4,8,1,1,5
768,89,50,19,8,12,1,1,1,5,8,2,7,0,1,6
769,12,14,15,6,10,5,2,2,3,3,4,6,0,2,5
770,92,11,6,0,16,4,8,7,5,7,5,4,3,0,0
771,31,10,1,1,6,2,10,4,5,5,0,0,3,3,5
772,14,27,16,0,20,1,8,3,3,4,2,7,2,3,3
773,32,11,7,10,21,3,10,4,9,8,2,7,2,0,2
774,73,18,3,9,22,1,2,2,3,7,3,4,2,2,5
775,95,11,10,10,1,1,9,2,11,8,5,0,2,1,2
776,1,22,17,7,16,2,8,1,4,2,5,5,3,3,4
777,2,19,8,4,23,1,8,7,4,3,5,0,2,2,3
778,91,49,3,7,5,5,8,3,5,5,2,8,1,3,0
779,62,38,8,4,11,1,4,7,4,4,0,4,2,3,0
780,2,9,14,0,23,2,5,8,6,6,5,3,1,2,4
781,79,18,18,5,24,4,10,7,5,6,3,5,2,0,4
782,83,20,2,3,12,4,9,5,5,9,2,7,1,0,3
783,13,2,8,3,19,0,7,2,6,4,1,4,3,2,0
784,60,18,6,10,8,1,7,1,6,3,1,0,3,1,5
785,28,19,17,8,16,4,7,5,4,9,5,1,1,0,4
786,95,20,17,3,7,2,3,3,12,5,1,1,2,2,0
787,64,45,5,6,25,5,6,7,9,0,4,5,2,0,0
788,76,5,7,0,8,2,2,1,12,0,3,3,2,2,2
789,3,8,16,0,7,4,9,2,8,4,1,5,1,2,4
790,30,37,1,5,22,0,1,1,11,1,4,8,1,0,6
791,32,47,4,4,1,0,4,8,6,2,4,7,1,1,2
792,49,6,20,2,6,3,0,5,12,10,2,4,1,1,6
793,60,49,6,2,21,1,6,8,9,7,2,3,3,0,1
794,17,17,5,3,16,5,1,7,9,1,3,7,2,2,3
795,71,36,1,10,7,1,0,1,9,1,1,2,0,0,0
796,48,47,4,4,19,3,8,2,10,10,1,4,1,3,1
797,65,37,19,10,17,3,1,5,2,1,3,7,0,2,4
798,37,34,6,1,13,4,7,3,11,4,1,7,0,1,4
799,70,9,6,4,4,3,3,5,1,4,3,8,2,2,5
800,8,14,16,8,7,0,2,4,4,4,0,7,0,2,2
801,3,9,18,3,15,1,3,6,8,0,5,1,1,1,4
802,71,24,0,8,20,1,4,6,9,5,5,5,1,0,6
803,71,13,0,6,11,2,7,4,5,5,4,8,3,2,2
804,70,27,3,5,18,1,1,7,1,6,2,2,3,1,4
805,72,42,5,9,18,4,0,5,10,6,5,6,3,0,0
806,82,26,19,6,14,5,2,5,1,8,0,0,1,0,4
807,24,34,0,6,21,1,9,2,9,1,0,8,3,1,2
808,94,19,6,5,13,0,4,6,6,2,1,1,3,1,2
809,19,10,2,4,23,0,9,6,9,6,1,7,2,3,3
810,6,10,9,3,5,3,6,7,12,2,4,2,0,1,0
811,86,50,1,0,14,3,3,4,9,0,4,0,2,2,5
812,87,12,14,9,2,3,10,8,1,6,1,6,1,2,1
813,26,33,8,7,14,2,1,0,0,5,5,5,3,3,0
814,50,49,0,8,5,3,6,5,10,4,4,7,2,1,0
815,97,47,19,5,22,3,4,3,0,5,2,4,0,1,1
816,98,22,1,0,19,0,5,4,3,5,0,8,3,3,3
817,18,1,9,3,2,1,8,2,12,0,5,2,2,2,0
818,24,4,7,8,10,2,3,4,3,9,0,0,0,1,6
819,65,30,14,3,9,4,4,2,8,7,3,3,3,1,4
820,92,47,7,2,0,2,1,0,3,4,1,8,3,2,3
821,16,31,15,6,7,3,6,7,6,8,4,0,2,1,2
822,5,7,13,0,22,1,3,1,1,5,5,7,1,2,4
823,25,23,20,7,8,4,10,6,2,10,1,4,3,3,0
824,66,39,4,1,11,5,0,4,0,1,3,2,2,2,6
825,9,25,5,9,4,3,7,7,0,4,1,6,1,0,2
826,6,30,15,10,5,2,7,4,5,2,0,2,0,0,0
827,29,31,18,9,6,4,3,7,6,1,3,6,0,3,6
828,69,18,17,3,3,3,8,1,8,2,3,7,2,0,1
829,92,27,2,10,13,2,10,3,9,10,1,5,3,3,4
830,7,25,4,2,16,0,9,3,6,2,4,4,0,2,0
831,33,6,7,7,23,2,5,8,5,1,5,6,0,3,6
832,16,17,0,5,5,5,5,5,7,0,5,5,3,3,6
833,6,14,3,6,19,2,0,0,1,7,4,0,3,2,4
834,100,26,10,9,2,3,6,3,10,3,2,8,1,0,0
835,11,46,16,5,1,4,2,1,5,8,5,7,3,1,3
836,85,45,20,8,18,4,8,1,7,3,0,7,1,3,1
837,2,27,11,8,19,1,6,5,5,10,5,6,2,1,4
838,56,18,6,9,5,0,6,6,0,1,4,2,0,3,6
839,61,46,11,0,8,1,0,6,10,3,3,0,0,3,6
840,15,41,16,4,22,5,6,3,3,6,2,8,3,1,3
841,7,9,14,3,3,0,8,7,10,5,5,7,1,1,5
842,24,9,10,8,18,5,8,0,11,9,5,7,2,1,6
843,79,1,3,9,10,4,7,2,12,7,2,5,2,3,6
844,31,38,13,8,8,1,3,5,10,2,4,7,2,0,4
845,31,50,10,2,0,5,10,6,0,5,1,6,0,3,5
846,24,19,2,5,21,4,0,8,9,10,1,6,3,2,0
847,29,16,0,3,13,4,1,5,6,2,3,0,1,0,1
848,16,11,3,5,4,5,8,3,7,4,1,3,1,3,5
849,25,5,7,1,14,2,8,6,3,3,5,4,2,1,4
850,18,26,20,9,1,0,4,0,12,6,5,0,0,1,3
851,88,32,3,10,3,4,0,3,10,4,2,5,3,2,1
852,9,23,10,6,23,4,2,5,5,10,0,4,2,2,0
853,92,28,13,8,6,5,10,6,3,5,1,6,1,0,0
854,71,50,4,6,13,4,10,1,8,8,4,0,3,0,6
855,50,35,17,10,3,4,6,1,6,2,5,2,3,2,5
856,90,12,12,9,18,0,8,2,12,5,1,0,3,1,0
857,2,9,15,2,23,0,0,3,4,8,1,8,1,2,4
858,89,39,0,5,10,5,8,6,6,10,5,6,0,1,3
859,18,23,2,10,4,4,5,0,8,1,3,0,0,1,6
860,3,33,16,2,5,5,7,5,2,5,0,1,3,0,5
861,69,8,7,10,23,1,2,0,4,2,4,4,1,1,2
862,88,8,7,9,9,1,10,3,3,4,4,7,2,0,2
863,92,23,15,8,15,0,1,1,8,3,3,6,2,2,1
864,2,33,12,8,0,5,8,7,0,6,4,3,3,2,0
865,81,10,10,5,5,2,10,7,7,3,2,1,3,2,2
866,36,12,20,7,11,3,0,7,9,7,2,1,2,3,3
867,97,28,2,2,16,4,9,8,10,8,4,8,2,3,6
868,92,18,13,0,9,5,9,6,0,6,0,2,3,2,6
869,98,50,17,4,20,1,5,4,5,1,0,1,2,3,5
870,99,34,17,1,25,0,1,4,7,1,4,4,0,1,5
871,82,6,6,7,10,3,4,0,11,0,5,7,3,2,0
872,57,36,14,4,15,2,4,7,9,7,5,3,1,2,0
873,67,47,8,0,19,1,3,7,10,2,1,5,3,1,0
874,7,32,5,8,0,0,4,4,10,1,1,5,1,3,2
875,44,31,15,8,24,1,7,1,1,7,3,2,3,0,0
876,84,29,16,5,8,0,0,4,10,1,1,8,1,0,0
877,55,12,13,3,15,4,3,4,10,7,3,2,0,0,5
878,42,33,14,6,1,5,0,7,12,5,2,7,1,0,3
879,86,10,10,5,15,2,1,7,1,1,5,3,1,1,1
880,87,42,8,7,12,1,4,1,7,10,0,1,0,1,0
881,5,32,15,6,16,1,10,6,9,0,5,2,3,3,3
882,41,11,6,1,25,2,1,4,7,0,0,1,2,3,1
883,13,31,7,3,11,5,5,5,12,8,3,2,2,2,6
884,5,50,3,3,8,1,2,7,10,2,5,6,3,0,1
885,38,33,19,2,3,4,10,5,4,7,3,7,1,2,6
886,45,12,3,5,19,0,2,1,7,0,0,1,0,1,5
887,14,48,20,6,14,4,5,5,12,9,0,1,1,0,4
888,26,7,13,3,16,0,10,8,1,0,1,7,1,2,1
889,4,48,14,8,9,4,0,1,11,4,4,6,3,2,0
890,25,45,7,10,14,0,5,4,10,1,4,0,0,0,4
891,13,44,4,7,23,3,0,4,7,1,3,3,3,2,1
892,31,29,20,10,18,2,9,3,11,10,4,0,0,3,0
893,92,22,1,6,7,5,5,3,3,10,3,3,1,3,4
894,71,50,0,2,6,1,6,7,9,10,3,2,3,1,2
895,82,16,13,2,11,5,1,2,12,8,5,5,1,3,1
896,70,9,4,3,16,1,6,0,0,2,2,3,0,3,2
897,89,22,13,9,21,0,10,7,9,1,5,3,2,2,4
898,3,50,2,9,20,4,0,4,5,5,1,3,3,1,6
899,88,21,16,7,18,4,0,1,4,4,5,1,0,3,6
900,93,23,3,8,22,0,4,0,12,3,4,5,0,1,0
901,14,15,10,8,5,1,6,8,0,10,5,7,3,2,3
902,74,10,8,2,12,5,1,6,3,10,5,0,2,1,5
903,18,15,12,0,0,5,6,7,4,2,1,3,3,1,2
904,2,13,20,10,21,3,0,2,1,4,1,4,3,3,6
905,35,45,2,1,6,0,4,8,7,8,0,2,2,0,3
906,8,26,14,2,20,5,5,0,1,5,1,6,3,3,0
907,21,13,19,5,19,4,10,5,6,5,4,3,3,0,5
908,35,18,5,3,0,5,6,4,1,7,0,8,0,0,2
909,42,35,18,9,16,1,6,4,5,2,5,5,1,2,0
910,37,25,19,1,20,2,2,3,10,1,4,3,3,0,0
911,84,13,17,4,22,5,8,5,0,2,3,7,0,1,6
912,86,31,0,7,0,3,7,3,4,6,5,4,3,3,5
913,8,35,3,3,7,0,0,2,5,10,3,0,0,0,6
914,70,35,1,1,13,1,9,1,5,10,2,5,3,1,0
915,56,50,12,6,10,5,0,1,4,2,5,0,0,0,1
916,60,16,16,6,22,4,9,2,3,7,5,4,1,3,3
917,8,22,16,3,19,5,8,0,5,6,2,0,0,0,0
918,51,5,19,5,11,0,1,5,1,7,0,4,1,1,6
919,12,21,12,3,17,5,4,4,10,8,3,4,0,2,4
920,43,34,3,4,24,1,10,0,8,9,0,2,3,0,6
921,10,16,2,7,12,1,5,0,10,2,2,1,1,3,6
922,59,25,12,1,5,0,0,0,11,0,5,1,2,2,1
923,20,37,4,2,22,5,7,0,6,8,5,5,0,3,4
924,64,19,19,3,17,4,2,3,10,8,0,4,1,1,1
925,8,41,2,9,20,1,8,6,2,5,2,1,1,1,0
926,98,36,6,5,14,3,9,7,0,4,1,3,2,3,3
927,80,15,12,10,2,4,2,0,3,9,0,0,0,0,4
928,68,15,11,2,16,3,6,5,0,2,4,6,1,0,5
929,44,7,11,4,10,5,0,3,11,4,0,1,1,1,0
930,41,19,7,7,7,5,4,6,4,6,0,8,2,0,3
931,1,50,15,7,8,4,5,4,0,8,1,7,2,2,4
932,65,42,19,5,18,1,3,5,11,7,5,6,2,0,2
933,74,50,7,4,20,0,8,5,9,9,2,3,0,1,6
934,2,9,17,6,11,4,4,5,9,0,1,0,2,0,5
935,77,19,1,5,10,1,3,5,0,5,2,5,2,3,5
936,66,41,1,6,2,2,5,2,12,6,3,8,2,2,2
937,21,35,18,1,1,2,1,5,11,0,3,4,1,0,0
938,73,27,1,3,8,1,3,8,5,3,0,7,2,2,1
939,70,4,17,8,18,4,10,8,2,3,5,4,0,0,6
940,60,8,11,0,8,4,8,0,12,3,0,6,0,1,1
941,71,13,14,6,15,5,7,0,7,2,5,0,2,0,2
942,16,33,3,0,24,1,7,3,3,4,3,6,2,2,2
943,38,12,1,6,12,2,0,8,11,1,1,0,2,2,1
944,70,4,13,4,15,1,1,8,3,6,3,7,1,2,1
945,29,4,19,0,25,3,2,3,8,2,5,4,3,3,6
946,73,3,15,6,5,1,4,8,12,2,5,4,0,1,0
947,37,27,5,10,2,0,6,1,3,5,1,8,3,2,6
948,14,20,4,6,7,0,6,7,0,1,0,5,2,1,4
949,2,3,2,8,25,3,8,8,7,5,0,3,1,0,5
950,18,44,17,9,10,0,10,8,12,10,4,3,3,0,3
951,100,30,7,5,1,3,9,4,6,10,5,1,3,2,5
952,90,23,10,0,25,5,0,1,0,10,4,3,3,3,1
953,33,27,1,4,2,2,7,6,11,7,0,6,3,3,2
954,46,14,2,5,6,1,1,2,0,4,4,1,3,3,1
955,68,50,3,2,3,4,6,5,5,2,5,8,2,2,6
956,42,49,3,8,9,0,1,7,10,7,4,5,2,3,2
957,21,38,19,4,4,3,1,5,11,9,3,5,0,1,1
958,78,19,15,9,7,5,2,2,2,10,2,1,1,1,3
959,42,13,6,4,4,0,9,3,10,3,4,6,0,0,5
960,46,38,12,2,16,4,10,6,5,7,5,6,1,2,2
961,51,25,12,5,12,5,6,3,4,8,3,8,2,3,5
962,5,24,20,9,21,3,2,8,8,1,4,1,2,0,5
963,86,17,17,6,15,4,5,1,9,7,2,7,2,1,1
964,68,9,7,5,4,3,5,8,4,10,0,6,0,2,0
965,72,3,17,10,8,0,5,2,10,9,5,4,0,2,6
966,32,28,7,1,3,5,0,7,11,5,4,5,0,3,2
967,22,28,9,6,9,5,0,8,7,8,2,0,1,3,3
968,7,16,14,7,5,4,10,5,11,10,5,2,3,2,4
969,3,33,6,8,8,4,5,5,10,1,0,8,1,1,3
970,69,23,2,7,23,5,1,8,11,7,4,2,0,2,2
971,47,13,14,9,6,0,0,3,7,9,0,4,2,3,4
972,75,17,14,5,13,0,3,6,4,1,4,4,2,3,2
973,47,6,4,5,2,4,5,0,4,0,0,0,2,3,6
974,46,50,16,10,2,2,10,1,12,5,2,1,0,2,2
975,49,42,2,8,25,3,5,4,4,0,4,1,2,1,2
976,2,14,19,5,3,2,7,0,7,2,4,6,3,0,3
977,72,43,12,1,6,5,0,1,6,1,1,6,3,1,5
978,98,47,0,0,0,0,3,8,6,9,2,3,0,0,6
979,97,42,10,9,14,2,7,6,1,3,4,6,1,2,1
980,69,12,13,2,12,1,0,0,0,7,4,2,2,2,2
981,11,49,3,10,3,2,5,0,4,6,2,0,2,1,6
982,77,19,14,7,9,5,5,5,6,8,5,2,2,0,3
983,63,9,13,1,14,2,5,8,6,8,1,2,2,2,2
984,59,11,1,1,21,0,7,6,0,2,4,5,3,2,1
985,80,25,3,0,11,1,1,3,12,3,2,4,2,1,5
986,63,18,19,10,9,1,6,2,5,4,3,3,3,2,4
987,44,37,4,1,9,3,8,1,12,8,2,7,1,2,4
988,70,2,12,5,22,0,1,6,8,9,1,2,2,2,2
989,48,1,19,0,21,1,8,5,12,3,2,8,1,2,5
990,26,2,18,0,22,4,2,0,2,2,3,6,2,3,0
991,77,50,20,5,20,1,6,7,1,3,0,7,1,0,2
992,1,1,20,2,13,4,3,8,9,7,5,7,1,3,5
993,32,33,12,7,0,5,2,0,3,0,2,7,0,1,4
994,98,8,6,0,22,5,1,6,8,3,4,5,0,3,4
995,33,12,20,8,4,4,4,3,12,9,3,6,2,0,0
996,29,42,9,10,24,3,0,3,3,5,1,0,3,0,5
997,67,47,10,0,9,4,4,2,2,4,2,2,1,1,5
998,24,44,7,4,3,2,0,4,8,8,1,4,1,2,4
999,78,27,2,1,1,3,1,4,5,10,1,6,3,3,6
1000,74,26,2,9,4,0,7,2,3,5,4,5,1,1,3
